,Train_loss,Test_loss
0,17.586068751130785,4.261604309082031
1,10.700561154846634,2.6320455074310303
2,7.168775454057115,1.8621917963027954
3,5.271276587992906,1.4845819473266602
4,4.203248214083058,1.3001093864440918
