,Train_loss,Test_loss
0,10.928008583826678,3.503638744354248
1,4.933851036988199,1.9490864276885986
2,4.302175913697907,3.0832343101501465
3,4.561991135137422,2.9874837398529053
4,4.3587815866938655,2.7255020141601562
